[
  {
    "model" : "auth.group",
    "pk" : 1,
    "fields" : {
      "name" : "guest"
    }
  },
  {
    "model" : "auth.group",
    "pk" : 2,
    "fields" : {
      "name" : "user"
    }
  },
  {
    "model" : "django_grainy.grouppermission",
    "pk" : 1,
    "fields" : {
      "group" : 1,
      "namespace" : "peeringdb.organization",
      "permission" : 1
    }
  },
  {
    "model" : "django_grainy.grouppermission",
    "pk" : 5,
    "fields" : {
      "group" : 2,
      "namespace" : "peeringdb.organization",
      "permission" : 1
    }
  },
  {
    "model" : "django_grainy.grouppermission",
    "pk" : 6,
    "fields" : {
      "group" : 2,
      "namespace" : "peeringdb.organization.*.network.*.poc_set.users",
      "permission" : 1
    }
  }
]
