{
  "oauthScopes": [
    "https://www.googleapis.com/auth/gmail.addons.execute",
    "https://www.googleapis.com/auth/gmail.addons.current.message.metadata",
    "https://www.googleapis.com/auth/gmail.modify" 
  ],
  "gmail": {
    "name": "Gmail Add-on Quickstart - QuickLabels",
    "logoUrl": "https://www.gstatic.com/images/icons/material/system/1x/label_googblue_24dp.png",
    "contextualTriggers": [{
      "unconditional": {
      },
      "onTriggerFunction": "buildAddOn"
    }],
    "openLinkUrlPrefixes": [
      "https://mail.google.com/"
    ],
    "primaryColor": "#4285F4",
    "secondaryColor": "#4285F4"
  }
}
