{
  "timeZone": "America/New_York",
  "exceptionLogging": "STACKDRIVER",
  "runtimeVersion": "V8",
  "dependencies": {},
  "webapp": {
    "executeAs": "USER_DEPLOYING",
    "access": "MYSELF"
  },
  "oauthScopes": [
    "https://www.googleapis.com/auth/script.external_request",
    "https://www.googleapis.com/auth/drive",
    "https://www.googleapis.com/auth/drive.readonly",
    "https://www.googleapis.com/auth/forms.body",
    "https://www.googleapis.com/auth/forms.body.readonly",
    "https://www.googleapis.com/auth/forms.responses.readonly",
    "https://www.googleapis.com/auth/userinfo.email"
  ]
}