{
  "timeZone": "America/New_York",
  "dependencies": {
    "libraries": [{
      "userSymbol": "OAuth2",
      "libraryId": "1B7FSrk5Zi6L1rSxxTDgDEUsPzlukDsi4KGuTMorsTQHhGBzBkMun4iDF",
      "version": "26"
    }]
  },
  "exceptionLogging": "STACKDRIVER",
  "oauthScopes": [
    "https://www.googleapis.com/auth/script.container.ui",
    "https://www.googleapis.com/auth/script.external_request",
    "https://www.googleapis.com/auth/spreadsheets.currentonly",
    "https://www.googleapis.com/auth/drive",
    "https://www.googleapis.com/auth/documents",
    "https://www.googleapis.com/auth/presentations"
  ]
}
